type,date_applied,days_to_approval,days_to_card,premium_processing,pp_upgraded,pp_upgrade_date,date_approved,date_card_received,country_of_citizenship,biometrics_completed_date,subreddit,permalink
STEM,2026-07-17,,,true,,,,,,2026-07-29,f1visa,https://reddit.com/r/f1visa/comments/1r6p9k0/optstem_opt_processing_timelines_megathread/p0htais/
STEM,2026-07-06,25,,true,,,2026-07-31,,,2026-07-06,f1visa,https://reddit.com/r/f1visa/comments/1r6p9k0/optstem_opt_processing_timelines_megathread/p0w08bu/
STEM,2026-06-24,,,true,,,,,,,f1visa,https://reddit.com/r/f1visa/comments/1r6p9k0/optstem_opt_processing_timelines_megathread/ouu8uct/
STEM,2026-06-23,37,,true,,,2026-07-30,,,2026-07-01,f1visa,https://reddit.com/r/f1visa/comments/1r6p9k0/optstem_opt_processing_timelines_megathread/p0pblo6/
STEM,2026-06-22,,,true,,,,,,2026-07-21,USCIS,https://reddit.com/r/USCIS/comments/1qz1n7j/2026_opt_and_stem_opt_processing_timeline/oxijgbq/
STEM,2026-06-18,,,true,,,,,,2026-07-06,f1visa,https://reddit.com/r/f1visa/comments/1r6p9k0/optstem_opt_processing_timelines_megathread/osm7a9s/
STEM,2026-06-17,,,true,,,,,,2026-07-07,f1visa,https://reddit.com/r/f1visa/comments/1r6p9k0/optstem_opt_processing_timelines_megathread/p0ajtaw/
STEM,2026-06-17,,,true,,,,,,,f1visa,https://reddit.com/r/f1visa/comments/1r6p9k0/optstem_opt_processing_timelines_megathread/p0wlqlx/
STEM,2026-06-15,11,,true,,,2026-06-26,,,,f1visa,https://reddit.com/r/f1visa/comments/1r6p9k0/optstem_opt_processing_timelines_megathread/oufxg6o/
STEM,2026-06-15,,,true,,,,,,,f1visa,https://reddit.com/r/f1visa/comments/1r6p9k0/optstem_opt_processing_timelines_megathread/oxwp9ll/
STEM,2026-06-15,,,true,,,,,,2026-07-21,f1visa,https://reddit.com/r/f1visa/comments/1r6p9k0/optstem_opt_processing_timelines_megathread/oz4vn00/
STEM,2026-06-12,,,true,,,,,,,f1visa,https://reddit.com/r/f1visa/comments/1r6p9k0/optstem_opt_processing_timelines_megathread/oynvjee/
STEM,2026-06-12,53,,true,,,2026-08-04,,,2026-06-25,f1visa,https://reddit.com/r/f1visa/comments/1r6p9k0/optstem_opt_processing_timelines_megathread/p1qhmzg/
STEM,2026-06-09,52,,true,,,2026-07-31,,,2026-07-01,f1visa,https://reddit.com/r/f1visa/comments/1r6p9k0/optstem_opt_processing_timelines_megathread/ovvx6ol/
STEM,2026-06-06,,,true,,,,,,2026-06-22,f1visa,https://reddit.com/r/f1visa/comments/1r6p9k0/optstem_opt_processing_timelines_megathread/oy8zjfb/
STEM,2026-06-04,55,,true,,,2026-07-29,,,2026-06-15,f1visa,https://reddit.com/r/f1visa/comments/1r6p9k0/optstem_opt_processing_timelines_megathread/p0kv2qc/
STEM,2026-06-03,,,true,,,,,,2026-06-09,f1visa,https://reddit.com/r/f1visa/comments/1r6p9k0/optstem_opt_processing_timelines_megathread/oy57wq4/
STEM,2026-06-02,,,true,,,,,,,f1visa,https://reddit.com/r/f1visa/comments/1r6p9k0/optstem_opt_processing_timelines_megathread/ovdmcnt/
STEM,2026-06-01,44,,true,,,2026-07-15,,,2026-06-08,f1visa,https://reddit.com/r/f1visa/comments/1r6p9k0/optstem_opt_processing_timelines_megathread/oxqk7m3/
STEM,2026-06-01,50,,true,,,2026-07-21,,,2026-06-15,f1visa,https://reddit.com/r/f1visa/comments/1r6p9k0/optstem_opt_processing_timelines_megathread/oyvdccq/
STEM,2026-05-31,58,,true,,,2026-07-28,,,2026-06-26,USCIS,https://reddit.com/r/USCIS/comments/1qz1n7j/2026_opt_and_stem_opt_processing_timeline/p0awh7y/
STEM,2026-05-31,64,,true,,,2026-08-03,,,2026-07-07,f1visa,https://reddit.com/r/f1visa/comments/1r6p9k0/optstem_opt_processing_timelines_megathread/p1gp9e3/
STEM,2026-05-29,49,,true,,,2026-07-17,,,2026-06-12,f1visa,https://reddit.com/r/f1visa/comments/1r6p9k0/optstem_opt_processing_timelines_megathread/oomufni/
STEM,2026-05-27,64,,true,,,2026-07-30,,,2026-07-01,f1visa,https://reddit.com/r/f1visa/comments/1r6p9k0/optstem_opt_processing_timelines_megathread/p0wum04/
STEM,2026-05-26,45,,true,,,2026-07-10,,,2026-06-02,f1visa,https://reddit.com/r/f1visa/comments/1r6p9k0/optstem_opt_processing_timelines_megathread/owrm3c4/
STEM,2026-05-26,53,,true,,,2026-07-18,,,2026-06-09,f1visa,https://reddit.com/r/f1visa/comments/1r6p9k0/optstem_opt_processing_timelines_megathread/oybzpa3/
STEM,2026-05-26,59,,true,,,2026-07-24,,,2026-06-23,f1visa,https://reddit.com/r/f1visa/comments/1r6p9k0/optstem_opt_processing_timelines_megathread/ozqhzd4/
STEM,2026-05-24,,,true,,,,,,,f1visa,https://reddit.com/r/f1visa/comments/1r6p9k0/optstem_opt_processing_timelines_megathread/otdo1me/
STEM,2026-05-22,,,true,,,,,,,f1visa,https://reddit.com/r/f1visa/comments/1r6p9k0/optstem_opt_processing_timelines_megathread/opi784j/
STEM,2026-05-22,60,,true,,,2026-07-21,,,2026-06-05,f1visa,https://reddit.com/r/f1visa/comments/1r6p9k0/optstem_opt_processing_timelines_megathread/oywa55l/
STEM,2026-05-21,,,true,,,,,,,f1visa,https://reddit.com/r/f1visa/comments/1r6p9k0/optstem_opt_processing_timelines_megathread/oqswz4j/
STEM,2026-05-21,,,true,,,,,,,f1visa,https://reddit.com/r/f1visa/comments/1r6p9k0/optstem_opt_processing_timelines_megathread/oqz01th/
STEM,2026-05-21,64,,true,,,2026-07-24,,,2026-06-22,f1visa,https://reddit.com/r/f1visa/comments/1r6p9k0/optstem_opt_processing_timelines_megathread/ozic5c1/
STEM,2026-05-21,69,,true,,,2026-07-29,,,2026-06-24,USCIS,https://reddit.com/r/USCIS/comments/1qz1n7j/2026_opt_and_stem_opt_processing_timeline/p0irbb9/
STEM,2026-05-21,,,true,,,,,,2026-06-16,f1visa,https://reddit.com/r/f1visa/comments/1r6p9k0/optstem_opt_processing_timelines_megathread/p0jxpbb/
STEM,2026-05-20,,,true,,,,,,2026-06-22,f1visa,https://reddit.com/r/f1visa/comments/1r6p9k0/optstem_opt_processing_timelines_megathread/ow5dheb/
STEM,2026-05-20,49,,true,,,2026-07-08,,,2026-05-29,f1visa,https://reddit.com/r/f1visa/comments/1r6p9k0/optstem_opt_processing_timelines_megathread/owdm9zb/
STEM,2026-05-19,47,,true,,,2026-07-05,,,2026-05-26,f1visa,https://reddit.com/r/f1visa/comments/1r6p9k0/optstem_opt_processing_timelines_megathread/ovqmfh4/
STEM,2026-05-18,,,true,,,,,,,USCIS,https://reddit.com/r/USCIS/comments/1qz1n7j/2026_opt_and_stem_opt_processing_timeline/oth1d2g/
STEM,2026-05-18,51,,true,,,2026-07-08,,,2026-05-29,f1visa,https://reddit.com/r/f1visa/comments/1r6p9k0/optstem_opt_processing_timelines_megathread/owb6ne5/
STEM,2026-05-18,56,,true,,,2026-07-13,,China,2026-06-04,f1visa,https://reddit.com/r/f1visa/comments/1r6p9k0/optstem_opt_processing_timelines_megathread/oxcc9kv/
STEM,2026-05-18,56,,true,,,2026-07-13,,,2026-05-29,f1visa,https://reddit.com/r/f1visa/comments/1r6p9k0/optstem_opt_processing_timelines_megathread/oxh6q8o/
STEM,2026-05-18,66,,true,,,2026-07-23,,,2026-06-17,f1visa,https://reddit.com/r/f1visa/comments/1r6p9k0/optstem_opt_processing_timelines_megathread/ozkjs29/
STEM,2026-05-16,65,75,true,,,2026-07-20,2026-07-30,,2026-06-10,USCIS,https://reddit.com/r/USCIS/comments/1qz1n7j/2026_opt_and_stem_opt_processing_timeline/oyp0w6a/
STEM,2026-05-15,42,,true,,,2026-06-26,,,,f1visa,https://reddit.com/r/f1visa/comments/1r6p9k0/optstem_opt_processing_timelines_megathread/ouiol6e/
STEM,2026-05-14,,,true,,,,,,,f1visa,https://reddit.com/r/f1visa/comments/1r6p9k0/optstem_opt_processing_timelines_megathread/otl8sw9/
STEM,2026-05-13,,,true,,,,,,2026-05-26,f1visa,https://reddit.com/r/f1visa/comments/1r6p9k0/optstem_opt_processing_timelines_megathread/otbeoaw/
STEM,2026-05-12,,,true,,,,,,,f1visa,https://reddit.com/r/f1visa/comments/1r6p9k0/optstem_opt_processing_timelines_megathread/olhdthw/
STEM,2026-05-12,49,,true,,,2026-06-30,,,2026-05-26,f1visa,https://reddit.com/r/f1visa/comments/1r6p9k0/optstem_opt_processing_timelines_megathread/ow6h9od/
STEM,2026-05-12,56,,true,,,2026-07-07,,,2026-05-27,f1visa,https://reddit.com/r/f1visa/comments/1r6p9k0/optstem_opt_processing_timelines_megathread/ow8lfw8/
STEM,2026-05-12,,,true,,,,,,2026-05-26,f1visa,https://reddit.com/r/f1visa/comments/1r6p9k0/optstem_opt_processing_timelines_megathread/owe5p9h/
STEM,2026-05-12,62,,true,,,2026-07-13,,,2026-06-05,f1visa,https://reddit.com/r/f1visa/comments/1r6p9k0/optstem_opt_processing_timelines_megathread/oxiz6k9/
STEM,2026-05-12,79,,true,,,2026-07-30,,United Kingdom,2026-06-22,f1visa,https://reddit.com/r/f1visa/comments/1r6p9k0/optstem_opt_processing_timelines_megathread/p0o7s7j/
STEM,2026-05-11,,,true,,,,,,2026-05-19,f1visa,https://reddit.com/r/f1visa/comments/1r6p9k0/optstem_opt_processing_timelines_megathread/oquseko/
STEM,2026-05-10,55,,true,,,2026-07-04,,,2026-05-19,f1visa,https://reddit.com/r/f1visa/comments/1r6p9k0/optstem_opt_processing_timelines_megathread/ovljr0k/
STEM,2026-05-10,72,,true,,,2026-07-21,,,2026-06-05,f1visa,https://reddit.com/r/f1visa/comments/1r6p9k0/optstem_opt_processing_timelines_megathread/oyv8xsw/
STEM,2026-05-09,52,,true,,,2026-06-30,,,2026-05-18,f1visa,https://reddit.com/r/f1visa/comments/1r6p9k0/optstem_opt_processing_timelines_megathread/ous43t8/
STEM,2026-05-09,62,70,true,,,2026-07-10,2026-07-18,,2026-06-02,f1visa,https://reddit.com/r/f1visa/comments/1r6p9k0/optstem_opt_processing_timelines_megathread/owq40oz/
STEM,2026-05-09,70,,true,,,2026-07-18,,,2026-06-10,f1visa,https://reddit.com/r/f1visa/comments/1r6p9k0/optstem_opt_processing_timelines_megathread/oyf4fh5/
STEM,2026-05-08,45,,true,,,2026-06-22,,,,f1visa,https://reddit.com/r/f1visa/comments/1r6p9k0/optstem_opt_processing_timelines_megathread/otbl79p/
STEM,2026-05-08,55,,true,,,2026-07-02,,,2026-05-20,f1visa,https://reddit.com/r/f1visa/comments/1r6p9k0/optstem_opt_processing_timelines_megathread/ovduh5f/
STEM,2026-05-08,62,74,true,,,2026-07-09,2026-07-21,,2026-05-29,f1visa,https://reddit.com/r/f1visa/comments/1r6p9k0/optstem_opt_processing_timelines_megathread/owhj8a5/
STEM,2026-05-08,81,,true,,,2026-07-28,,,2026-06-26,USCIS,https://reddit.com/r/USCIS/comments/1qz1n7j/2026_opt_and_stem_opt_processing_timeline/p0b5gnd/
STEM,2026-05-07,,,true,,,,,,2026-05-15,f1visa,https://reddit.com/r/f1visa/comments/1r6p9k0/optstem_opt_processing_timelines_megathread/oqxmozu/
STEM,2026-05-07,,,true,,,,,,2026-06-01,f1visa,https://reddit.com/r/f1visa/comments/1r6p9k0/optstem_opt_processing_timelines_megathread/otc4k2t/
STEM,2026-05-07,48,,true,,,2026-06-24,,,2026-05-11,f1visa,https://reddit.com/r/f1visa/comments/1r6p9k0/optstem_opt_processing_timelines_megathread/otir4c5/
STEM,2026-05-07,64,,true,,,2026-07-10,,,2026-06-02,f1visa,https://reddit.com/r/f1visa/comments/1r6p9k0/optstem_opt_processing_timelines_megathread/owsa6p6/
STEM,2026-05-07,68,,true,,,2026-07-14,,,2026-06-08,f1visa,https://reddit.com/r/f1visa/comments/1r6p9k0/optstem_opt_processing_timelines_megathread/oxk13lo/
STEM,2026-05-06,82,,true,,,2026-07-27,,,2026-06-04,USCIS,https://reddit.com/r/USCIS/comments/1qz1n7j/2026_opt_and_stem_opt_processing_timeline/otn9s9u/
STEM,2026-05-05,50,,true,,,2026-06-24,,Nepal,2026-05-12,f1visa,https://reddit.com/r/f1visa/comments/1r6p9k0/optstem_opt_processing_timelines_megathread/ots6m9r/
STEM,2026-05-04,50,,true,,,2026-06-23,,,2026-05-11,f1visa,https://reddit.com/r/f1visa/comments/1r6p9k0/optstem_opt_processing_timelines_megathread/om2p8qs/
STEM,2026-05-04,,,true,,,,,,2026-05-29,f1visa,https://reddit.com/r/f1visa/comments/1r6p9k0/optstem_opt_processing_timelines_megathread/ov3r11u/
STEM,2026-05-04,,,true,,,,,,,f1visa,https://reddit.com/r/f1visa/comments/1r6p9k0/optstem_opt_processing_timelines_megathread/owi6nfg/
STEM,2026-05-03,,,true,,,,,,2026-05-15,f1visa,https://reddit.com/r/f1visa/comments/1r6p9k0/optstem_opt_processing_timelines_megathread/oo1wpsm/
STEM,2026-05-03,54,,true,,,2026-06-26,,,2026-05-12,f1visa,https://reddit.com/r/f1visa/comments/1r6p9k0/optstem_opt_processing_timelines_megathread/otzsq9t/
STEM,2026-05-01,,,true,,,,,India,2026-05-27,f1visa,https://reddit.com/r/f1visa/comments/1r6p9k0/optstem_opt_processing_timelines_megathread/oqw9zy1/
STEM,2026-05-01,59,,true,,,2026-06-29,,,2026-05-15,f1visa,https://reddit.com/r/f1visa/comments/1r6p9k0/optstem_opt_processing_timelines_megathread/ovsl7bi/
STEM,2026-05-01,80,91,true,,2026-06-09,2026-07-20,2026-07-31,,2026-05-29,f1visa,https://reddit.com/r/f1visa/comments/1r6p9k0/optstem_opt_processing_timelines_megathread/oyqk205/
STEM,2026-04-30,77,,true,,,2026-07-16,,,2026-06-10,f1visa,https://reddit.com/r/f1visa/comments/1r6p9k0/optstem_opt_processing_timelines_megathread/okjwqec/
STEM,2026-04-30,,,true,,,,,,2026-05-04,f1visa,https://reddit.com/r/f1visa/comments/1r6p9k0/optstem_opt_processing_timelines_megathread/on40dea/
STEM,2026-04-30,,,true,,,,,,,f1visa,https://reddit.com/r/f1visa/comments/1r6p9k0/optstem_opt_processing_timelines_megathread/oogufi0/
STEM,2026-04-30,49,58,true,,,2026-06-18,2026-06-27,,2026-05-11,f1visa,https://reddit.com/r/f1visa/comments/1r6p9k0/optstem_opt_processing_timelines_megathread/oseg9sd/
STEM,2026-04-30,55,,true,,,2026-06-24,,,2026-05-12,f1visa,https://reddit.com/r/f1visa/comments/1r6p9k0/optstem_opt_processing_timelines_megathread/otjo5l7/
STEM,2026-04-29,,,true,,,,,,2026-05-19,f1visa,https://reddit.com/r/f1visa/comments/1r6p9k0/optstem_opt_processing_timelines_megathread/oonq3vb/
STEM,2026-04-29,,,true,,,,,,2026-06-01,f1visa,https://reddit.com/r/f1visa/comments/1r6p9k0/optstem_opt_processing_timelines_megathread/opqd5iq/
STEM,2026-04-29,44,,true,,,2026-06-12,,,2026-05-04,f1visa,https://reddit.com/r/f1visa/comments/1r6p9k0/optstem_opt_processing_timelines_megathread/org2f3m/
STEM,2026-04-29,55,,true,,,2026-06-23,,,2026-05-11,f1visa,https://reddit.com/r/f1visa/comments/1r6p9k0/optstem_opt_processing_timelines_megathread/otdyv8t/
STEM,2026-04-29,62,,true,,,2026-06-30,,,2026-05-18,f1visa,https://reddit.com/r/f1visa/comments/1r6p9k0/optstem_opt_processing_timelines_megathread/ouqv29c/
STEM,2026-04-28,,,true,,,,,,2026-05-04,f1visa,https://reddit.com/r/f1visa/comments/1r6p9k0/optstem_opt_processing_timelines_megathread/ol4dgw1/
STEM,2026-04-28,,,true,,,,,,2026-05-05,f1visa,https://reddit.com/r/f1visa/comments/1r6p9k0/_/opbc50f/
STEM,2026-04-28,78,,true,,,2026-07-15,,,2026-05-14,f1visa,https://reddit.com/r/f1visa/comments/1r6p9k0/optstem_opt_processing_timelines_megathread/oxqybev/
STEM,2026-04-27,51,,true,,,2026-06-17,,,2026-05-06,f1visa,https://reddit.com/r/f1visa/comments/1r6p9k0/optstem_opt_processing_timelines_megathread/os8klrg/
STEM,2026-04-27,66,,true,,,2026-07-02,,,2026-05-18,f1visa,https://reddit.com/r/f1visa/comments/1r6p9k0/optstem_opt_processing_timelines_megathread/ove6rnu/
STEM,2026-04-26,46,,true,,,2026-06-11,,,2026-05-04,f1visa,https://reddit.com/r/f1visa/comments/1r6p9k0/optstem_opt_processing_timelines_megathread/or33xbo/
STEM,2026-04-26,,,true,,,,,,2026-05-05,f1visa,https://reddit.com/r/f1visa/comments/1r6p9k0/optstem_opt_processing_timelines_megathread/or83ocg/
STEM,2026-04-25,,,true,,,,,,2026-05-08,f1visa,https://reddit.com/r/f1visa/comments/1r6p9k0/optstem_opt_processing_timelines_megathread/ol9noac/
STEM,2026-04-25,47,,true,,,2026-06-11,,,2026-05-04,f1visa,https://reddit.com/r/f1visa/comments/1r6p9k0/optstem_opt_processing_timelines_megathread/orfv8vl/
STEM,2026-04-25,59,67,true,,,2026-06-23,2026-07-01,,2026-05-11,f1visa,https://reddit.com/r/f1visa/comments/1r6p9k0/optstem_opt_processing_timelines_megathread/otdc5tp/
STEM,2026-04-24,19,30,true,,,2026-05-13,2026-05-24,,,USCIS,https://reddit.com/r/USCIS/comments/1qz1n7j/2026_opt_and_stem_opt_processing_timeline/olm4xe9/
STEM,2026-04-24,,,true,,,,,,2026-06-02,f1visa,https://reddit.com/r/f1visa/comments/1r6p9k0/optstem_opt_processing_timelines_megathread/oqrqzb3/
STEM,2026-04-24,47,59,true,,,2026-06-10,2026-06-22,,2026-05-04,f1visa,https://reddit.com/r/f1visa/comments/1r6p9k0/optstem_opt_processing_timelines_megathread/oqvad9f/
STEM,2026-04-23,,,true,,,,,,2026-05-14,f1visa,https://reddit.com/r/f1visa/comments/1r6p9k0/optstem_opt_processing_timelines_megathread/okh8t1v/
STEM,2026-04-23,56,,true,,,2026-06-18,,,2026-05-08,f1visa,https://reddit.com/r/f1visa/comments/1r6p9k0/optstem_opt_processing_timelines_megathread/osg41ig/
STEM,2026-04-23,71,,true,,,2026-07-03,,,2026-05-26,f1visa,https://reddit.com/r/f1visa/comments/1r6p9k0/optstem_opt_processing_timelines_megathread/ovq1ps1/
STEM,2026-04-22,,,true,,,,,,,f1visa,https://reddit.com/r/f1visa/comments/1r6p9k0/optstem_opt_processing_timelines_megathread/oj05m2k/
STEM,2026-04-21,66,,true,,,2026-06-26,,,2026-05-13,USCIS,https://reddit.com/r/USCIS/comments/1qz1n7j/2026_opt_and_stem_opt_processing_timeline/ojdu288/
STEM,2026-04-21,,,true,,,,,,2026-05-08,f1visa,https://reddit.com/r/f1visa/comments/1r6p9k0/optstem_opt_processing_timelines_megathread/oln6u8z/
STEM,2026-04-21,37,,true,,,2026-05-28,,,2026-04-29,f1visa,https://reddit.com/r/f1visa/comments/1r6p9k0/optstem_opt_processing_timelines_megathread/oomynek/
STEM,2026-04-21,55,,true,,,2026-06-15,,,2026-05-05,f1visa,https://reddit.com/r/f1visa/comments/1r6p9k0/optstem_opt_processing_timelines_megathread/ors5q5j/
STEM,2026-04-20,,,true,,,,,,2026-05-14,f1visa,https://reddit.com/r/f1visa/comments/1r6p9k0/optstem_opt_processing_timelines_megathread/outhugy/
STEM,2026-04-20,86,,true,,,2026-07-15,,,2026-05-11,f1visa,https://reddit.com/r/f1visa/comments/1r6p9k0/optstem_opt_processing_timelines_megathread/oxo2pz8/
STEM,2026-04-19,,,true,,,,,,2026-05-05,f1visa,https://reddit.com/r/f1visa/comments/1r6p9k0/optstem_opt_processing_timelines_megathread/omhhma3/
STEM,2026-04-19,40,,true,,,2026-05-29,,,2026-04-29,f1visa,https://reddit.com/r/f1visa/comments/1r6p9k0/optstem_opt_processing_timelines_megathread/ona7rpi/
STEM,2026-04-18,77,,true,,,2026-07-04,,,2026-05-22,f1visa,https://reddit.com/r/f1visa/comments/1r6p9k0/optstem_opt_processing_timelines_megathread/oviqdqb/
STEM,2026-04-17,,,true,,,,,,,USCIS,https://reddit.com/r/USCIS/comments/1qz1n7j/2026_opt_and_stem_opt_processing_timeline/ois845a/
STEM,2026-04-17,59,,true,,,2026-06-15,,,2026-05-05,f1visa,https://reddit.com/r/f1visa/comments/1r6p9k0/optstem_opt_processing_timelines_megathread/ojcp8vc/
STEM,2026-04-17,39,,true,,,2026-05-26,,,2026-04-28,f1visa,https://reddit.com/r/f1visa/comments/1r6p9k0/optstem_opt_processing_timelines_megathread/oo3qv48/
STEM,2026-04-17,48,,true,,,2026-06-04,,,2026-05-01,f1visa,https://reddit.com/r/f1visa/comments/1r6p9k0/optstem_opt_processing_timelines_megathread/opqwwo5/
STEM,2026-04-17,68,80,true,,,2026-06-24,2026-07-06,,2026-05-12,f1visa,https://reddit.com/r/f1visa/comments/1r6p9k0/optstem_opt_processing_timelines_megathread/otnhuk7/
STEM,2026-04-16,,,true,,,,,,2026-05-11,f1visa,https://reddit.com/r/f1visa/comments/1r6p9k0/optstem_opt_processing_timelines_megathread/on3gyi6/
STEM,2026-04-16,40,49,true,,,2026-05-26,2026-06-04,,2026-04-27,f1visa,https://reddit.com/r/f1visa/comments/1r6p9k0/optstem_opt_processing_timelines_megathread/oo2bex2/
STEM,2026-04-16,41,,true,,,2026-05-27,,,2026-04-28,f1visa,https://reddit.com/r/f1visa/comments/1r6p9k0/optstem_opt_processing_timelines_megathread/oo5zz8l/
STEM,2026-04-15,,,true,,,,,,,f1visa,https://reddit.com/r/f1visa/comments/1r6p9k0/optstem_opt_processing_timelines_megathread/okr9egx/
STEM,2026-04-15,43,,true,,,2026-05-28,,,2026-04-27,f1visa,https://reddit.com/r/f1visa/comments/1r6p9k0/optstem_opt_processing_timelines_megathread/olw4ovw/
STEM,2026-04-15,58,,true,,,2026-06-12,,,2026-05-04,f1visa,https://reddit.com/r/f1visa/comments/1r6p9k0/optstem_opt_processing_timelines_megathread/orkdvb9/
STEM,2026-04-15,71,,true,,,2026-06-25,,,2026-05-14,f1visa,https://reddit.com/r/f1visa/comments/1r6p9k0/optstem_opt_processing_timelines_megathread/otvkudm/
STEM,2026-04-15,,,true,,,,,,2026-05-13,f1visa,https://reddit.com/r/f1visa/comments/1r6p9k0/optstem_opt_processing_timelines_megathread/ov9c1xc/
STEM,2026-04-14,58,,true,,,2026-06-11,,,2026-05-04,f1visa,https://reddit.com/r/f1visa/comments/1r6p9k0/optstem_opt_processing_timelines_megathread/or31t79/
STEM,2026-04-10,29,36,true,,,2026-05-09,2026-05-16,,2026-04-21,f1visa,https://reddit.com/r/f1visa/comments/1r6p9k0/optstem_opt_processing_timelines_megathread/okgwrpr/
STEM,2026-04-10,65,,true,,,2026-06-14,,,2026-05-05,f1visa,https://reddit.com/r/f1visa/comments/1r6p9k0/optstem_opt_processing_timelines_megathread/oo74whw/
STEM,2026-04-10,,,true,,,,,,2026-04-30,f1visa,https://reddit.com/r/f1visa/comments/1r6p9k0/optstem_opt_processing_timelines_megathread/op63tbr/
STEM,2026-04-10,82,,true,,,2026-07-01,,,2026-05-20,f1visa,https://reddit.com/r/f1visa/comments/1r6p9k0/optstem_opt_processing_timelines_megathread/ouy2ruz/
STEM,2026-04-09,,,true,,,,,,,f1visa,https://reddit.com/r/f1visa/comments/1r6p9k0/optstem_opt_processing_timelines_megathread/ovi8lrc/
STEM,2026-04-08,30,38,true,,,2026-05-08,2026-05-16,,2026-04-22,USCIS,https://reddit.com/r/USCIS/comments/1qz1n7j/2026_opt_and_stem_opt_processing_timeline/ofz55gt/
STEM,2026-04-07,24,32,true,,,2026-05-01,2026-05-09,,2026-04-17,f1visa,https://reddit.com/r/f1visa/comments/1r6p9k0/optstem_opt_processing_timelines_megathread/ofaq4rk/
STEM,2026-04-07,81,90,true,,,2026-06-27,2026-07-06,,2026-05-06,f1visa,https://reddit.com/r/f1visa/comments/1r6p9k0/optstem_opt_processing_timelines_megathread/ou6oyvt/
STEM,2026-04-06,65,,true,,,2026-06-10,,,2026-04-30,f1visa,https://reddit.com/r/f1visa/comments/1r6p9k0/optstem_opt_processing_timelines_megathread/oqvw8yp/
STEM,2026-04-06,65,,true,,,2026-06-10,,,2026-05-01,f1visa,https://reddit.com/r/f1visa/comments/1r6p9k0/optstem_opt_processing_timelines_megathread/or4d7iu/
STEM,2026-04-06,,,true,,,,,,2026-04-28,USCIS,https://reddit.com/r/USCIS/comments/1qz1n7j/2026_opt_and_stem_opt_processing_timeline/p0x3kkb/
STEM,2026-04-04,,,true,,,,,,2026-04-12,USCIS,https://reddit.com/r/USCIS/comments/1qz1n7j/2026_opt_and_stem_opt_processing_timeline/oj99cpc/
STEM,2026-04-03,,,true,,,,,,2026-05-01,f1visa,https://reddit.com/r/f1visa/comments/1r6p9k0/optstem_opt_processing_timelines_megathread/op6cvb2/
STEM,2026-04-03,,,true,,,,,,2026-04-23,f1visa,https://reddit.com/r/f1visa/comments/1r6p9k0/optstem_opt_processing_timelines_megathread/ou6w8q4/
STEM,2026-04-02,98,107,true,,,2026-07-09,2026-07-18,,2026-04-17,f1visa,https://reddit.com/r/f1visa/comments/1r6p9k0/optstem_opt_processing_timelines_megathread/oyd61wq/
STEM,2026-04-01,,,true,,,,,South Korea,2026-04-10,f1visa,https://reddit.com/r/f1visa/comments/1r6p9k0/_/okhdspj/
STEM,2026-03-28,,,true,,,,,,2026-04-04,f1visa,https://reddit.com/r/f1visa/comments/1r6p9k0/optstem_opt_processing_timelines_megathread/osw9bc4/
STEM,2026-03-27,,,true,,,,,,,f1visa,https://reddit.com/r/f1visa/comments/1r6p9k0/optstem_opt_processing_timelines_megathread/of8id1w/
STEM,2026-03-27,24,,true,,,2026-04-20,,,2026-04-13,f1visa,https://reddit.com/r/f1visa/comments/1r6p9k0/optstem_opt_processing_timelines_megathread/ohcrp8w/
STEM,2026-03-25,,,true,,,,,,2026-04-29,f1visa,https://reddit.com/r/f1visa/comments/1r6p9k0/optstem_opt_processing_timelines_megathread/on02vek/
STEM,2026-03-25,90,,true,,,2026-06-23,,,2026-04-23,f1visa,https://reddit.com/r/f1visa/comments/1r6p9k0/optstem_opt_processing_timelines_megathread/otcilss/
STEM,2026-03-24,64,,true,,,2026-05-27,,,2026-04-28,f1visa,https://reddit.com/r/f1visa/comments/1r6p9k0/optstem_opt_processing_timelines_megathread/ol8t484/
STEM,2026-03-24,83,,true,,,2026-06-15,,,2026-04-23,f1visa,https://reddit.com/r/f1visa/comments/1r6p9k0/optstem_opt_processing_timelines_megathread/orwd43m/
STEM,2026-03-22,39,,true,,,2026-04-30,,,2026-04-16,f1visa,https://reddit.com/r/f1visa/comments/1r6p9k0/optstem_opt_processing_timelines_megathread/ojt3w6o/
STEM,2026-03-19,98,111,true,,,2026-06-25,2026-07-08,,2026-05-12,f1visa,https://reddit.com/r/f1visa/comments/1r6p9k0/optstem_opt_processing_timelines_megathread/oup3w3y/
STEM,2026-03-18,20,29,true,,,2026-04-07,2026-04-16,,2026-04-15,USCIS,https://reddit.com/r/USCIS/comments/1qz1n7j/2026_opt_and_stem_opt_processing_timeline/obvlqur/
STEM,2026-03-18,19,31,true,,,2026-04-06,2026-04-18,,2026-03-31,f1visa,https://reddit.com/r/f1visa/comments/1r6p9k0/optstem_opt_processing_timelines_megathread/oeztehh/
STEM,2026-03-17,,,true,,,,,United Kingdom,2026-03-31,f1visa,https://reddit.com/r/f1visa/comments/1r6p9k0/_/ocwimi7/
STEM,2026-03-17,24,,true,,,2026-04-10,,,2026-04-07,f1visa,https://reddit.com/r/f1visa/comments/1r6p9k0/optstem_opt_processing_timelines_megathread/offnu5x/
STEM,2026-03-16,19,25,true,,,2026-04-04,2026-04-10,,2026-03-27,f1visa,https://reddit.com/r/f1visa/comments/1r6p9k0/optstem_opt_processing_timelines_megathread/ofe5lsq/
STEM,2026-03-14,33,41,true,,,2026-04-16,2026-04-24,India,2026-04-09,f1visa,https://reddit.com/r/f1visa/comments/1r6p9k0/optstem_opt_processing_timelines_megathread/obl52tg/
STEM,2026-03-12,62,,true,,,2026-05-13,,,2026-04-23,f1visa,https://reddit.com/r/f1visa/comments/1r6p9k0/optstem_opt_processing_timelines_megathread/oduivup/
STEM,2026-03-12,111,,true,,,2026-07-01,,,2026-04-08,f1visa,https://reddit.com/r/f1visa/comments/1r6p9k0/optstem_opt_processing_timelines_megathread/ov0clc5/
STEM,2026-03-10,,,true,,,,,,2026-03-20,f1visa,https://reddit.com/r/f1visa/comments/1r6p9k0/optstem_opt_processing_timelines_megathread/ozznphx/
STEM,2026-03-09,92,,true,,,2026-06-09,,,2026-04-03,f1visa,https://reddit.com/r/f1visa/comments/1r6p9k0/optstem_opt_processing_timelines_megathread/oqp0bps/
STEM,2026-03-07,116,,true,,,2026-07-01,,,2026-04-01,f1visa,https://reddit.com/r/f1visa/comments/1r6p9k0/optstem_opt_processing_timelines_megathread/ov0d7ak/
STEM,2026-03-06,,,true,,,,,,2026-03-20,f1visa,https://reddit.com/r/f1visa/comments/1r6p9k0/optstem_opt_processing_timelines_megathread/oac4feg/
STEM,2026-03-04,99,,true,,,2026-06-11,,,2026-03-18,f1visa,https://reddit.com/r/f1visa/comments/1r6p9k0/optstem_opt_processing_timelines_megathread/or4vqvx/
STEM,2026-03-04,115,,true,,,2026-06-27,,,2026-03-23,f1visa,https://reddit.com/r/f1visa/comments/1r6p9k0/optstem_opt_processing_timelines_megathread/ou60d8p/
STEM,2026-03-02,,,true,,,,,,2026-03-25,f1visa,https://reddit.com/r/f1visa/comments/1r6p9k0/optstem_opt_processing_timelines_megathread/oiselsj/
STEM,2026-02-24,50,,true,,,2026-04-15,,,2026-03-13,f1visa,https://reddit.com/r/f1visa/comments/1r6p9k0/optstem_opt_processing_timelines_megathread/odjihg9/
STEM,2026-02-24,,,true,,,,,,2026-03-11,f1visa,https://reddit.com/r/f1visa/comments/1r6p9k0/optstem_opt_processing_timelines_megathread/oe067rr/
STEM,2026-02-23,,,true,,,,,,2026-03-17,f1visa,https://reddit.com/r/f1visa/comments/1r6p9k0/optstem_opt_processing_timelines_megathread/oolplrq/
STEM,2026-02-22,53,,true,,,2026-04-16,,,2026-03-19,f1visa,https://reddit.com/r/f1visa/comments/1r6p9k0/optstem_opt_processing_timelines_megathread/ohmb2ii/
STEM,2026-02-22,,,true,,,,,,2026-03-18,f1visa,https://reddit.com/r/f1visa/comments/1r6p9k0/optstem_opt_processing_timelines_megathread/os7aicb/
STEM,2026-02-21,,,true,,,,,,2026-03-05,f1visa,https://reddit.com/r/f1visa/comments/1r6p9k0/optstem_opt_processing_timelines_megathread/odkbi6c/
STEM,2026-02-21,54,,true,,,2026-04-16,,,2026-03-19,f1visa,https://reddit.com/r/f1visa/comments/1r6p9k0/optstem_opt_processing_timelines_megathread/ogmnahu/
STEM,2026-02-20,,,true,,,,,,2026-03-17,f1visa,https://reddit.com/r/f1visa/comments/1r6p9k0/optstem_opt_processing_timelines_megathread/oe6h1ww/
STEM,2026-02-19,,,true,,,,,,2026-03-12,f1visa,https://reddit.com/r/f1visa/comments/1r6p9k0/optstem_opt_processing_timelines_megathread/oimp0c2/
STEM,2026-02-18,,,true,,,,,,2026-03-09,f1visa,https://reddit.com/r/f1visa/comments/1r6p9k0/_/ob6t5o4/
STEM,2026-02-18,,,true,,,,,,2026-03-10,f1visa,https://reddit.com/r/f1visa/comments/1r6p9k0/optstem_opt_processing_timelines_megathread/oev2zk6/
STEM,2026-02-14,,,true,,,,,,,USCIS,https://reddit.com/r/USCIS/comments/1qz1n7j/2026_opt_and_stem_opt_processing_timeline/ohahbd1/
STEM,2026-02-14,,,true,,,,,,2026-03-10,f1visa,https://reddit.com/r/f1visa/comments/1r6p9k0/optstem_opt_processing_timelines_megathread/olhm3ct/
STEM,2026-02-13,19,31,true,,,2026-03-04,2026-03-16,,2026-02-23,f1visa,https://reddit.com/r/f1visa/comments/1r6p9k0/optstem_opt_processing_timelines_megathread/o91f8ma/
STEM,2026-02-13,,,true,,,,,,,f1visa,https://reddit.com/r/f1visa/comments/1r6p9k0/_/oazwap0/
STEM,2026-02-13,52,,true,,,2026-04-06,,,2026-03-16,f1visa,https://reddit.com/r/f1visa/comments/1r6p9k0/optstem_opt_processing_timelines_megathread/odp41xe/
STEM,2026-02-13,,,true,,,,,,2026-02-26,f1visa,https://reddit.com/r/f1visa/comments/1r6p9k0/_/oibg2vk/
STEM,2026-02-12,162,,true,,,2026-07-24,,,2026-02-20,f1visa,https://reddit.com/r/f1visa/comments/1r6p9k0/optstem_opt_processing_timelines_megathread/ozk4rj6/
STEM,2026-02-11,,,true,,,,,,2026-03-10,USCIS,https://reddit.com/r/USCIS/comments/1qz1n7j/2026_opt_and_stem_opt_processing_timeline/oi26tlg/
STEM,2026-02-09,22,33,true,,,2026-03-03,2026-03-14,,2026-02-23,f1visa,https://reddit.com/r/f1visa/comments/1r6p9k0/optstem_opt_processing_timelines_megathread/o7mq4bc/
STEM,2026-02-06,,,true,,,,,,2026-03-03,f1visa,https://reddit.com/r/f1visa/comments/1r6p9k0/optstem_opt_processing_timelines_megathread/p0ailux/
STEM,2026-02-05,25,,true,,,2026-03-02,,,2026-02-20,f1visa,https://reddit.com/r/f1visa/comments/1r6p9k0/optstem_opt_processing_timelines_megathread/o8bdqc5/
STEM,2026-02-03,24,,true,,,2026-02-27,,,2026-02-09,f1visa,https://reddit.com/r/f1visa/comments/1r6p9k0/optstem_opt_processing_timelines_megathread/o8aiegj/
STEM,2026-01-29,67,,true,,,2026-04-06,,,2026-03-05,f1visa,https://reddit.com/r/f1visa/comments/1r6p9k0/optstem_opt_processing_timelines_megathread/odspwqh/
STEM,2026-01-28,,,true,,,,,,2026-02-19,f1visa,https://reddit.com/r/f1visa/comments/1r6p9k0/optstem_opt_processing_timelines_megathread/o8fkmqa/
STEM,2026-01-27,23,35,true,,,2026-02-19,2026-03-03,,2026-01-31,f1visa,https://reddit.com/r/f1visa/comments/1r6p9k0/optstem_opt_processing_timelines_megathread/o5tevzc/
STEM,2026-01-20,,,true,,,,,,,f1visa,https://reddit.com/r/f1visa/comments/1r6p9k0/_/o5rtaeu/
STEM,2026-01-19,142,,true,,,2026-06-10,,,2026-02-12,f1visa,https://reddit.com/r/f1visa/comments/1r6p9k0/optstem_opt_processing_timelines_megathread/oqycibh/
STEM,2026-01-15,55,,true,,,2026-03-11,,,2026-01-31,USCIS,https://reddit.com/r/USCIS/comments/1qz1n7j/2026_opt_and_stem_opt_processing_timeline/o80gdzq/
STEM,2026-01-11,,,true,,,,,India,2026-02-18,f1visa,https://reddit.com/r/f1visa/comments/1r6p9k0/optstem_opt_processing_timelines_megathread/ojsm7qh/
STEM,2026-01-10,41,,true,,,2026-02-20,,,2026-02-17,f1visa,https://reddit.com/r/f1visa/comments/1r6p9k0/_/o6qgsiq/
STEM,2026-01-09,,,true,,,,,,,USCIS,https://reddit.com/r/USCIS/comments/1qz1n7j/2026_opt_and_stem_opt_processing_timeline/o69v8co/
STEM,2026-01-08,92,99,true,,,2026-04-10,2026-04-17,,2026-02-19,USCIS,https://reddit.com/r/USCIS/comments/1qz1n7j/2026_opt_and_stem_opt_processing_timeline/ob6jqso/
STEM,2025-12-23,,,true,,,,,,2026-03-23,f1visa,https://reddit.com/r/f1visa/comments/1r6p9k0/optstem_opt_processing_timelines_megathread/ox0h2pd/
STEM,2025-12-21,72,,true,,,2026-03-03,,,2026-02-09,f1visa,https://reddit.com/r/f1visa/comments/1r6p9k0/_/o8m3qio/
STEM,2025-12-21,72,82,true,,,2026-03-03,2026-03-13,,2026-02-09,f1visa,https://reddit.com/r/f1visa/comments/1r6p9k0/optstem_opt_processing_timelines_megathread/o8m67oi/
STEM,2025-12-17,,,true,,,,,,,f1visa,https://reddit.com/r/f1visa/comments/1r6p9k0/optstem_opt_processing_timelines_megathread/oblw8ac/
STEM,2025-12-17,199,,true,,,2026-07-04,,,2026-04-15,f1visa,https://reddit.com/r/f1visa/comments/1r6p9k0/optstem_opt_processing_timelines_megathread/ovjqsm5/
STEM,2025-12-11,,,true,,,,,,,f1visa,https://reddit.com/r/f1visa/comments/1r6p9k0/optstem_opt_processing_timelines_megathread/osw1cj0/
STEM,2025-12-01,211,,true,,,2026-06-30,,,,f1visa,https://reddit.com/r/f1visa/comments/1r6p9k0/optstem_opt_processing_timelines_megathread/ouu3edw/
STEM,2025-11-07,,,true,,,,,India,,f1visa,https://reddit.com/r/f1visa/comments/1r6p9k0/optstem_opt_processing_timelines_megathread/ofzjo1h/
STEM,2025-06-02,410,422,true,,,2026-07-17,2026-07-29,,2026-06-08,f1visa,https://reddit.com/r/f1visa/comments/1r6p9k0/optstem_opt_processing_timelines_megathread/oy537zs/
STEM,,,,true,,2026-03-31,,,,2026-03-02,USCIS,https://reddit.com/r/USCIS/comments/1qz1n7j/2026_opt_and_stem_opt_processing_timeline/odlzvru/
STEM,,,,true,,2026-03-31,2026-04-07,,,2026-03-02,f1visa,https://reddit.com/r/f1visa/comments/1r6p9k0/optstem_opt_processing_timelines_megathread/odm0939/
STEM,,,,true,,,2026-04-09,,,,USCIS,https://reddit.com/r/USCIS/comments/1qz1n7j/2026_opt_and_stem_opt_processing_timeline/ofgtvxr/
STEM,,,,true,,,2026-05-08,,,2026-03-19,f1visa,https://reddit.com/r/f1visa/comments/1r6p9k0/_/okn2uvg/
STEM,,,,true,,,,,,2026-04-27,f1visa,https://reddit.com/r/f1visa/comments/1r6p9k0/optstem_opt_processing_timelines_megathread/on9j8q2/
STEM,,,,true,,,,,,2026-04-08,f1visa,https://reddit.com/r/f1visa/comments/1r6p9k0/optstem_opt_processing_timelines_megathread/oqv1jqo/
STEM,,,,true,,,,,,2026-04-22,f1visa,https://reddit.com/r/f1visa/comments/1r6p9k0/optstem_opt_processing_timelines_megathread/oqv49li/